{"cameraMode":{"drawMode":0,"name":"Shaded","section":"Shading Mode"},"sceneLighting":true,"audioPlay":false,"sceneViewState":{"showFog":true,"showMaterialUpdate":false,"showSkybox":true,"showFlares":true,"showImageEffects":true,"showParticleSystems":true},"in2DMode":false,"pivot":{"x":-2.228611469268799,"y":1.12294340133667,"z":2.8720293045043947},"rotation":{"x":-0.15105265378952027,"y":0.2725394070148468,"z":-0.04336993768811226,"w":-0.9492233395576477},"size":5.685121059417725,"orthographic":false}